ID,post_title,foto-padrao,informacoes-do-produto,modo-de-preparo,receita-padrao,receituario,total-da-massa-medida,video,video-passo-a-passo
1896,1000006 | IREKS LE PAIN BRIOCHE,https://receitas.ireks.com.br/wp-content/uploads/2023/11/1000006_ireks_le_pain_brioche-1-scaled.jpg,"Mistura pronta para preparo de brioche - O autêntico brioche francês - Delicioso sabor amanteigado - Textura suave, macia e fibrosa Dosagem: 100% | Embalagem: 10 kg (5 x 2 kg) | Adesivos: 50 adesivos","Tempo de preparo da massa: 4 minutos na velocidade 1 e até obter o ponto de véu na velocidade 2 Peso das peças sugerido: 120 g ou no tamanho desejado Descanso das peças: 10 minutos, cobertas com plástico Formato: esticar 3 peças e modelar em formato de trança Fermentação: 90 minutos ou até obter o ponto Temperatura do forno: 180°C Tempo de forneamento: 25 minutos sem vapor ou até obter o ponto Dica: pincelar com ovos no meio da fermentação Total da massa crua: 3.320 g Total da massa assada: 2.988 g Rendimento: 9 brioches de aprox. 332 g cada Quebra: 10%","IREKS LE PAIN BRIOCHE (100%, ); Ovos (gelados) (30%, ); Margarina (com 80% de lipídios) (15%, ); Fermento fresco (6%, ); Água (gelada) (15%, )",https://www.ireks.com.br/fileadmin/sites/ireks-brasil/user_upload/IREKS_Receituario_Festival_Brioche_2024.pdf,3320,https://www.youtube.com/watch?v=dmw3is-b-rs,https://www.youtube.com/watch?v=dmw3is-b-rs
1902,1000067 | IREKS BRIOCHE C50,https://receitas.ireks.com.br/wp-content/uploads/2023/11/1000067_ireks_brioche_c50-1-scaled.jpg,"Mistura para preparo de brioche - O autêntico brioche francês - Delicioso sabor amanteigado - Textura suave, macia e fibrosa Dosagem: 50 % | Validade: 6 Meses | Embalagem: 20 kg (4 x 5 kg) | Adesivos: 200 adesivos",,,,,,
1910,1000381 IREKS BRIOCHE T C50,https://receitas.ireks.com.br/wp-content/uploads/2023/11/1000381_ireks_brioche_T_c50-1-scaled.jpg,"Mistura para preparo de brioche - O autêntico brioche francês - Delicioso sabor amanteigado - Textura suave, macia e fibrosa Dosagem: 50 % | Validade: 6 Meses | Embalagem: 20 kg (4 x 5 kg) | Adesivos: 200 adesivos",,,,,,
1929,1000079 | IREKS SUAVEMIX C20,https://receitas.ireks.com.br/wp-content/uploads/2023/11/1000079_ireks_pao_de_hamburguer-1.jpg,"Mistura para preparo de pães de massa suave - Aplicações: Pão de forma, pão de leite, pão p/ hambúrguer, pão p/ hot dog, pão sovado, bisnaguinhas e salgados assados Dosagem: 20% | Validade: 6 Meses | Embalagem : 10 kg (2 x 5 kg)",,,,,,
1933,1000036 | IREKS PÃO DOCE C33,https://receitas.ireks.com.br/wp-content/uploads/2023/11/1000036_ireks_pao_doce-1-scaled.jpg,"Mistura para preparo de pão doce - Ótimo dulçor e excelente volume - Possibilita uma infinidade de variações Dosagem: 33,3 % | Validade: 6 Meses | Embalagem: 20 kg (4 x 5 kg)",,,,,,
1939,1000201_1000770 | IREKS CHIPA C80,https://receitas.ireks.com.br/wp-content/uploads/2023/11/1000201_ireks_chipa-scaled.jpg,Mistura para preparo de chipa - Textura e sabor marcantes - Permite modelagem da massa com adição de diversos recheios Dosagem: 80% | Validade: 4 meses | Embalagem: 10 kg (5 x 2 kg) | Saco: 20 kg,,,,,https://www.youtube.com/watch?v=p-rLoNDNFW8&amp;list=PLhgz6R_DV9Lgm3s5RrKMFXDmGiCHMb9Qh&amp;index=16,
2059,1000652 | IREKS GRANO BRIOCHE,https://receitas.ireks.com.br/wp-content/uploads/2023/11/1000652_ireks_grano_brioche.png,"Mistura pronta para preparo de brioche - Com farinha integral - Fonte de fibras - Textura suave, macia e fibrosa Dosagem: 100% | Validade: 4 meses | Embalagem: 10 kg (5x2 kg) | Adevisos: 50 adesivos",,,,,,
2071,1000690 | IREKS SCHOKO BRIOCHE,https://receitas.ireks.com.br/wp-content/uploads/2023/11/1000690_schoko_brioche-1-scaled.jpg,"Mistura pronta para brioche chocolate - Com toque de chocolate - Textura, maciez e aroma que proporcionam uma experiência única Dosagem: 100% | Embalagem: 10 kg (5 x 2 kg) | Adesivos: 50 adesivos",,,https://receitas.ireks.com.br/wp-content/uploads/2024/01/Receituario_SchokoBrioche_Digital.pdf,,,https://www.youtube.com/watch?v=AaCRbR4gzp4&amp;list=PLhgz6R_DV9Lgm3s5RrKMFXDmGiCHMb9Qh&amp;index=17
2084,1000028 | IREKS PÃO AUSTRALIANO CLÁSSICO C100,https://receitas.ireks.com.br/wp-content/uploads/2023/11/1000028_ireks_pao_australiano_classico-1-scaled.jpg,Mistura pronta para preparo de pão australiano - Cor e aroma intensos - Coloração natural à base de malte Dosagem: 100% | Embalagem: 10 kg (5 x 2 kg) | Topping Cobertura | Adesivos: 50 adesivos,,,,,,
2092,1000040 | IREKS PÃO AUSTRALIANO S C100,https://receitas.ireks.com.br/wp-content/uploads/2023/11/1000040_ireks_pao_australiano_s-1-scaled.jpg,Mistura pronta para preparo de pão australiano com suave aroma de mel - Cor e aroma suaves - Coloração natural à base de malte Dosagem: 100% | Validade: 6 meses | Embalagem: 10 kg (5x2 kg) | Topping Cobertura | Adesivos: 50 adesivos,,,,,,
2096,1000129 | IREKS PÃO AUSTRALIANO S C50,https://receitas.ireks.com.br/wp-content/uploads/2023/11/1000129_ireks_pao_australiano_s_c50-1-scaled.jpg,Mistura para preparo de pão australiano - Cor e aroma suaves - Coloração natural à base de malte Dosagem: 100% | Validade: 6 meses | Embalagem: 10 kg (5x2 kg) | Adesivos: 100 adesivos,,,,,,
2102,1000003 | IREKS VENEZA,https://receitas.ireks.com.br/wp-content/uploads/2023/11/1000003_ireks_veneza-1-scaled.jpg,"Mistura pronta para preparo de especialidades italianas - Ideal para pães aromáticos, pizzas, focaccias, salgados, assados e folhados - Contém massa madre - Coloração natural à base de malte - Sabor marcante e único Dosagem: 100% | Validade: 6 meses | Embalagem: 10 kg (5x2 kg)",,,,,,
2336,1000032 | IREKS PÃO DE MANDIOQUINHA C50,https://receitas.ireks.com.br/wp-content/uploads/2023/11/1000032_ireks_pao_de_mandioquinha-1.jpg,Mistura para preparo de pão de mandioquinha - Macio e úmido - Permite uma infinidade de variações - Contém farinha de mandioquinha Dosagem: 50 % | Validade: 6 meses | Embalagem: 10kg (2 x 5 kg) | Adesivos: 80 Adesivos,,,https://www.ireks.com.br/fileadmin/sites/ireks-brasil/receituario-Deliciasdocampo.pdf,,,
2339,1000026 | IREKS PÃO DE MILHO ESPECIAL C50,https://receitas.ireks.com.br/wp-content/uploads/2023/11/1000026_ireks_pao_de_milho_especial-1-scaled.jpg,Mistura para preparo de pão de milho Macio e úmido Permite uma infinidade de variações Contém erva-doce Dosagem: 50 % | Validade: 6 meses | Embalagem: 10kg (2 x 5 kg) | Adesivos: 80 Adesivos,,,https://www.ireks.com.br/fileadmin/sites/ireks-brasil/receituario-Deliciasdocampo.pdf,,,
2342,1000027 | IREKS PÃO DE OVOS ESPECIAL C50,https://receitas.ireks.com.br/wp-content/uploads/2023/11/1000027_ireks_pao_de_ovos_especial-1.jpg,Mistura para preparo de pão de ovos Macio e úmido Permite uma infinidade de variações Dosagem: 50 % | Validade: 6 meses | Embalagem: 10kg (2 x 5 kg) | Adesivos: 140 Adesivos,,,https://www.ireks.com.br/fileadmin/sites/ireks-brasil/receituario-Deliciasdocampo.pdf,,,
2345,1000070 | IREKS PÃO DE CENOURA C50,https://receitas.ireks.com.br/wp-content/uploads/2023/11/1000070_ireks_pao_de_cenoura-1-scaled.jpg,Mistura para preparo de pão de cenoura - Macio e úmido - Permite uma infinidade de variações - Contém cenoura em pó Dosagem: 50 % | Validade: 6 meses | Embalagem: 10kg (2 x 5 kg) | Adesivos: 80 Adesivos,,,https://www.ireks.com.br/fileadmin/sites/ireks-brasil/receituario-Deliciasdocampo.pdf,,,
2348,1000087 | IREKS PÃO DE ABÓBORA C50,https://receitas.ireks.com.br/wp-content/uploads/2023/11/1000087_pao_de_abobora_bolinha-1-scaled.jpg,Mistura para preparo de pão de abóbora Macio e úmido Permite uma infinidade de variações Contém sementes de abóbora Dosagem: 50 % | Validade: 6 meses | Embalagem: 10kg (2 x 5 kg) | Adesivos: 80 Adesivos,,,https://www.ireks.com.br/fileadmin/sites/ireks-brasil/receituario-Deliciasdocampo.pdf,,,
2351,1000058 | IREKS TOP MACIO,https://receitas.ireks.com.br/wp-content/uploads/2023/11/1000058_ireks_pao_de_hamburguer_top_macio-1-scaled.jpg,"Mistura para preparo de pães de massa suave - Excelente sabor, maciez e frescor por mais tempo - Aplicações: Pão de forma, pão de leite, pão p/ hambúrguer, pão p/ hot dog, pão sovado, bisnaguinhas e salgados assados Dosagem: 50% | Validade: 6 meses | Embalagem: 10 kg (2 x 5 kg)",,,,,,
2352,1000451 | IREKS PÃO DE TAPIOCA C50,https://receitas.ireks.com.br/wp-content/uploads/2023/11/1000451_ireks_pao_de_tapioca-1-scaled.jpg,Mistura para preparo de pão de tapioca Macio e úmido Permite uma infinidade de variações Com tapioca granulada Dosagem: 50 % | Validade: 6 meses | Embalagem: 10kg (2 x 5 kg) | Adesivos: 80 Adesivos,,,https://www.ireks.com.br/fileadmin/sites/ireks-brasil/receituario-Deliciasdocampo.pdf,,,
2356,1000689 | IREKS PÃO DE LEITE C50,https://receitas.ireks.com.br/wp-content/uploads/2023/11/1000689_ireks_pao_de_leite_c50-1-scaled.jpg,"Mistura para preparo de pão de leite - Macio e úmido - Permite uma infinidade de variações - Textura suave, macia e saborosa Dosagem: 50 % | Validade: 6 meses | Embalagem: 10kg (2 x 5 kg) | Adesivos: 100 Adesivos",,,,,,
2365,1000180 | IREKS PÃO DE BATATA DOCE C50,https://receitas.ireks.com.br/wp-content/uploads/2023/11/1000180_ireks_pao_de_batata_doce-2-scaled.jpg,Mistura para preparo de pão de batata doce Macio e úmido Permite uma infinidade de variações Contém cubos de batata doce Dosagem: 50 % | Validade: 6 meses | Embalagem: 10kg (2 x 5 kg) | Adesivos: 80 Adesivos,,,https://www.ireks.com.br/fileadmin/sites/ireks-brasil/receituario-Deliciasdocampo.pdf,,,
2369,1000007 | IREKS CROISSANT PRESTIGE,https://receitas.ireks.com.br/wp-content/uploads/2023/11/2342_2_3_IREKS-CROISSANT-PRESTIGE-3-1.jpg,Mistura pronta para preparo do tradicional croissant francês - Processo rápido e fácil | Miolo bem alveolado - Textura suave e crocante Dosagem : 100% | Validade: 6 meses | Embalagem: 1 0 kg (5 x 2 kg),,,,,,
2371,1000117 | IREKS SÓVITAL QUINOA C50,https://receitas.ireks.com.br/wp-content/uploads/2023/11/1000117_sovital_quinoa-1-scaled.jpg,Mistura para preparo de pão de quinoa com castanha-do-pará - Coloração natural à base de malte - Contém sementes de quinoa Dosagem: 50% | Validade: 4 meses | Embalagem: 10 kg (2 x 5 kg) | Topping: Cobertura | Embalagens Plásticas: 80 | Adesivos: 80,,,,,,
2378,1000240 | IREKS CROISSANT C50,https://receitas.ireks.com.br/wp-content/uploads/2023/11/1000240_ireks_croissant_c50-1-scaled.jpg,Mistura para preparo do tradicional croissant francês - Processo rápido e fácil | Miolo bem alveolado - Textura suave e crocante Dosagem: 50% | Validade: 8 meses | Embalagem: 10 kg,,,,,,
2379,1000025 | IREKS PÃO DE BATATA ESPECIAL C50,https://receitas.ireks.com.br/wp-content/uploads/2023/11/1000025_ireks_pao_de_batata_especial-2-scaled.jpg,Mistura para preparo de pão de batata - Macio e úmido - Permite uma infinidade de variações - Contém batata em flocos Dosagem: 50 % | Validade: 6 meses | Embalagem: 10kg (2 x 5 kg) | Adesivos: 80 Adesivos,,,https://www.ireks.com.br/fileadmin/sites/ireks-brasil/receituario-Deliciasdocampo.pdf,,,
2386,1000614 | IREKS PÃO INTEGRAL TRADICIONAL,https://receitas.ireks.com.br/wp-content/uploads/2023/11/1000614_ireks_pao_integral_tradicional-1-scaled.jpg,"Mistura pronta para preparo de pão integral tradicional Com 53,2% de ingredientes integrais (produto acabado) Fonte de fibras Coloração natural à base de maltes Sem adição de farinha branca Dosagem: 100 % | Validade: 6 meses | Embalagem: 10kg (2 x 5 kg) | Quantidade: 44 Embalagens plásticas | Adesivos: 44 Adesivos",,,,,,
2390,CROISSANT MANTEIGA C50 | 1000860,https://receitas.ireks.com.br/wp-content/uploads/2023/11/DSC08837-scaled.jpg,"Mistura para preparo de croissant - Fácil preparo, resultado impecável! - Laminado perfeito e o sabor autêntico de manteiga - Ideal para produção artesanal e industrial - Maciez por dentro e um sabor amanteigado inconfundível IREKS CROISSANT MANTEIGA C50 oferece textura delicada, fermentação equilibrada e lâminas semi-folhadas perfeitas em cada mordida. Experimente essa inovação e eleve o nível dos seus produtos! Dosagem: 50% | Embalagem: 10 kg (2 x 5 kg)",,,,,,
2394,1000613 | IREKS PÃO INTEGRAL ESPELTA,https://receitas.ireks.com.br/wp-content/uploads/2023/11/1000613-_ireks_pao_integral_espelta-1-scaled.jpg,"Mistura pronta para preparo de pão integral com espelta, castanhas e sementes de girassol Com 46,0% de ingredientes integrais (produto acabado) Fonte de fibras Contém massa madre e maltes Sem adição de farinha branca Dosagem: 100 % | Validade: 6 meses | Embalagem: 10kg (2 x 5 kg) | Quantidade: 44 Embalagens plásticas | Adesivos: 44",,,,,,
2403,1000612 | IREKS PÃO INTEGRAL MULTIGRÃOS C100,https://receitas.ireks.com.br/wp-content/uploads/2023/11/1000612_ireks_pao_integral_multigraos-1-scaled.jpg,"Mistura pronta para preparo de pão integral multigrãos - Com 40,0% de ingredientes integrais (produto acabado) - Fonte de fibras - Mix de 12 grãos (gergelim, girassol, setária, soja, linhaça, aveia, centeio, cevada, triticale, milho, trigo e arroz) - Coloração natural à base de maltes - Cobertura multigrãos Dosagem: 100 % | Validade: 6 meses | Embalagem: 10kg (2 x 5 kg) | Topping – Cobertura | Quantidade: 40 Embalagens plásticas | Adesivos: 40 Adesivos",,,,,,
2410,1000600 | IREKS PÃO AUSTRALIANO INTEGRAL,https://receitas.ireks.com.br/wp-content/uploads/2023/11/1000600_ireks_australiano_integral-1-scaled.jpg,"Mistura pronta para preparo de pão australiano integral Com 31,51% de farinha integral Coloração natural Contém malte, mel e cacau Fermentação rápida Dosagem: 100 % | Embalagem: 10kg (5 x 2 kg) | Topping - Cobertura | Adesivos: 50 Adesivos",,,,,https://www.youtube.com/watch?v=9eN4OnzNbaE&amp;list=PLhgz6R_DV9Lgm3s5RrKMFXDmGiCHMb9Qh&amp;index=15,https://www.youtube.com/watch?v=9eN4OnzNbaE&amp;list=PLhgz6R_DV9Lgm3s5RrKMFXDmGiCHMb9Qh&amp;index=14
2412,1000711 | IREKS PANETTONE LIEVITO MADRE C50,https://receitas.ireks.com.br/wp-content/uploads/2023/11/1000711_ireks_panettone_lievito_madre_c50_chocolate-1-scaled.jpg,Mistura para panetone artesanal - Com massa madre de origem italiana - Coloração acentuada - Aroma frutado intenso. Macio e úmido - Excelente estrutura de fibras - Contém gemas na composição - Processo original feito com esponja Dosagem: 50% | Embalagem: 10 kg (2 x 5 kg),,,,,,
2417,1000370 | IREKS PÃO FRANCÊS INTEGRAL C33,https://receitas.ireks.com.br/wp-content/uploads/2023/11/1000370_ireks_pao_frances_integral_c33-1-scaled.jpg,"Mistura para preparo de pão francês integral C33 Com 52,57% de ingredientes integrais Fonte de fibras Sem adição de farinha branca Contém massa madre e maltes Dosagem: 33,3 % | Embalagem: 10kg (2 x 5 kg)",,,,,,
2418,1000010 | IREKS PÃO DE QUEIJO ORIGINAL,https://receitas.ireks.com.br/wp-content/uploads/2023/11/1000010_ireks_pao_de_queijo_original-1-scaled.jpg,Mistura pronta para preparo de pão de queijo - Crocante por fora e macio por dentro - Permite adição de diversos recheios na massa Dosagem: 100% | Validade: 5 meses | Embalagem: 10 kg (5 x 2 kg),,,,,,
2425,1000611 | IREKS PÃO FRANCÊS INTEGRAL C50,https://receitas.ireks.com.br/wp-content/uploads/2023/11/1000611_ireks_pao_frances_integral_c50-1-scaled.jpg,"Mistura para preparo de pão francês integral - Com 38,8% de ingredientes integrais - Fonte de fibras - Contém massa madre - Coloração natural à base de maltes Dosagem: 50 % | Validade: 6 meses | Embalagem: 10kg (2 x 5 kg)",,,,,,
2426,1000695 | IREKS PANETTONE SOFT,https://receitas.ireks.com.br/wp-content/uploads/2023/11/1000695_ireks_panettone_soft_chocolate-1-scaled.jpg,"Mistura para preparo de panetone - Coloração amarelo + intenso - Aroma cítrico. Macio e úmido - Contém gemas e massa madre na composição - Processo original feito com esponja Dosagem: 78,4% | Embalagem: 20 kg (4 x 5 kg)",,,,,,
2427,1000098 | IREKS DONUTS C50,https://receitas.ireks.com.br/wp-content/uploads/2023/11/1000098_ireks_donuts_c50-1-scaled.jpg,"Mistura para preparo de donuts - Textura fina | Macio por mais tempo | Absorção de óleo reduzida - Aplicações: Donuts em anel e recheado, cinnamon rolls, rosquinhas, bolinho de chuva, cronuts, pretzel doce Dosagem: 50% | Validade: 7 meses | Embalagem: 10 kg (5 x 2 kg)",,,,,,
2433,1000616 | IREKS PÃO INTEGRAL TRADICIONAL C50,https://receitas.ireks.com.br/wp-content/uploads/2023/11/1000616_ireks_pao_integral_tradicional_c50-1-scaled.jpg,"Mistura para preparo de pão integral tradicional C50 Com 35,3% de ingredientes integrais (produto acabado) Fonte de fibras Com massa madre Coloração natural à base de maltes Dosagem: 50 % | Embalagem: 10kg (2 x 5 kg)",,,,,,
2434,1000071 | IREKS SUPERSOFT C50,https://receitas.ireks.com.br/wp-content/uploads/2023/11/1000071_supersoft_massa_base-1.jpg,"Mistura para preparo de especialidades doces - Rápida fermentação | Mordida curta | Múltiplas variações - Aplicações: Monkey bread, cucas, strudel, stollen, pretzel doce, massas doces Dosagem: 50% | Validade: 6 meses | Embalagem: 10 kg (5 x 2 kg)",,,,,,
2435,1000160 | IREKS GRAN PANETTONE S C50,https://receitas.ireks.com.br/wp-content/uploads/2023/11/1000160_ireks_gran_panettone_s_chocolate-1-scaled.jpg,Mistura para preparo de panetone - Coloração amarelo + intenso - Aroma cítrico intenso. Muito mais macio e úmido - Contém gemas e massa madre na composição Dosagem: 50 % | Validade: 6 meses | Embalagem: 20kg (4 x 5 kg),,,,,,
2440,1000615 | IREKS PÃO INTEGRAL MULTIGRÃOS C50,https://receitas.ireks.com.br/wp-content/uploads/2023/11/1000615_ireks_pao_integral_multigraos_c50-1-scaled.jpg,"Mistura para preparo de pão integral multigrãos - Com 39,30% de ingredientes integrais (produto acabado) - - Fonte de fibras - Mix de 12 grãos (gergelim, girassol, setária, soja, linhaça, aveia, centeio, cevada, triticale, milho, trigo e arroz) - Com massa madre - Coloração natural à base de maltes - Cobertura multigrãos Dosagem : 50 % | Embalagem: 10kg (2 x 5 kg) | Topping – Cobertura",,,,,,
2441,1000011 | IREKS GOLDEN BERLINER,https://receitas.ireks.com.br/wp-content/uploads/2023/11/1000011_ireks_golden_berliner-1-scaled.jpg,Mistura pronta para preparo de sonho - Dispensa adição de ovos | Absorção de óleo reduzida - A famosa receita do berliner (sonho) alemão! Dosagem: 100% | Validade: 6 meses | Embalagem: 10 kg (5 x 2 kg),,,,,,
2447,1000650 | IREKS GRAN PANETTONE C100,https://receitas.ireks.com.br/wp-content/uploads/2023/11/1000650_ireks_gran_panettone_c100_frutas-1-scaled.jpg,Mistura pronta para preparo de panetone - Coloração amarelo + intenso - Aroma frutado suave. Muito mais macio e úmido - Contém gemas e massa madre na composição Dosagem: 100% | Validade: 6 meses | Embalagem: 10 kg (2 x 5 kg),,,,,,
2448,1000029 | IREKS BAGUETTE CLÁSSICA C100,https://receitas.ireks.com.br/wp-content/uploads/2023/11/2335_2_3_IREKS-BAGUETTE-CLASSICA-MM-C100-3.jpg,Mistura pronta para preparo de pão baguete - Contém massa madre - Crosta crocante e miolo alveolado - Sabor e aroma irresistíveis Dosagem: 100 % | Validade: 6 meses | Saco: 20 kg,,,,,,
2452,1000273 | IREKS GRAN PANETTONE S C12,https://receitas.ireks.com.br/wp-content/uploads/2023/11/1000273_panettone_frutas-1-scaled.jpg,Mistura para preparo de panetone - Coloração amarelo + intenso - Aroma frutado suave. Muito mais macio e úmido - Contém gemas e massa madre na composição Dosagem: 12% | Validade: 6 meses | Embalagem: 10 kg,,,,,,
2459,1000009 | IREKS PÃO ITALIANO CLÁSSICO,https://receitas.ireks.com.br/wp-content/uploads/2023/11/1000009_ireks_pao_italiano_classico-1-scaled.jpg,Mistura pronta para preparo de pão italiano Um pão italiano com qualidade superior Contém massa madre Crosta rústica e crocante Dosagem: 100 % | Validade: 6 meses | Embalagem: 20kg (4 x 5 kg),,,,,,
2460,1000692 | IREKS SONHO C50,https://receitas.ireks.com.br/wp-content/uploads/2023/11/1000692_ireks_sonho_c50-1-scaled.jpg,Mistura para preparo de sonho - Textura fina | Macio por mais tempo - Absorção de óleo reduzida Dosagem: 50% | Validade: 6 meses | Embalagem: 10 kg (5 x 2 kg),,,,,,
2461,1000203 | IREKS PANETTONE SG C10,https://receitas.ireks.com.br/wp-content/uploads/2023/11/1000203_ireks_panettone_fruta_sg_c10-1-scaled.jpg,Mistura para preparo de panetone - Coloração amarelo + claro - Aroma cítrico intenso. Muito mais macio e úmido - Sem adição de gemas e com massa madre na composição Dosagem: 10% | Validade: 6 meses | Embalagem: 10 kg,,,,,,
2467,1000002 | IREKS CIABATTA CLÁSSICA,https://receitas.ireks.com.br/wp-content/uploads/2023/11/1000002_ireks_ciabatta_classica_c100-2-rotated.jpg,Mistura pronta para preparo de pão ciabatta Contém massa madre Casca fina e crocante Miolo aberto e alveolado Dosagem: 100 % | Embalagem: 20kg (4 x 5 kg),,,,,,
2470,1000045 | IREKS GOLDEN PANETTONE CLÁSSICO C50,https://receitas.ireks.com.br/wp-content/uploads/2023/11/1000045_ireks_golden_panettone_gotas_de_chocolate-1-scaled.jpg,Mistura para preparo de panetone - Coloração amarelo + claro - Aroma frutado suave. Macio e úmido - Contém gemas e massa madre na composição Dosagem: 50% | Validade: 6 meses | Embalagem: 20 kg (4x5 kg),,,,,,
2473,1000697 | IREKS PANE LIEVITO MADRE C50,https://receitas.ireks.com.br/wp-content/uploads/2023/11/1000697_ireks_pane_lievito_madre_c50-1-scaled.jpg,Solução para pães rústicos artesanais - Com massa madre de origem italiana - Proporciona textura e aroma exclusivos - Volume atraente e massa uniforme - Casca fina e mordida curta Dosagem: 50 % | Embalagem: 10kg (2 x 5 kg),,,,,,
2478,1000014 | IREKS GOLDEN CAKE MILHO VERDE,https://receitas.ireks.com.br/wp-content/uploads/2023/11/1000014_ireks_bolo_cremoso_de_milho_verde-1-scaled.jpg,Mistura pronta para preparo de bolo de milho verde - Úmido e cremoso - Sabor caseiro Dosagem: 100% | Embalagem: 10 kg (5 x 2 kg),,,https://www.ireks.com.br/fileadmin/sites/ireks-brasil/receituario-Cakesbolos.pdf,,,
2479,1000044 | IREKS GOLDEN PANETTONE S C50,https://receitas.ireks.com.br/wp-content/uploads/2023/11/1000044_ireks_panettone_gotas_chocolate_golden_panettone_s_c50-scaled.jpg,Mistura para preparo de panetone - Coloração amarelo + intenso - Aroma cítrico suave. Macio e úmido - Contém gemas e massa madre na composição Dosagem: 50% | Validade: 6 meses | Embalagem: 20 kg (4x5 kg),,,,,,
2480,1000039 | IREKS BAGUETTE GRANDE SAVEUR,https://receitas.ireks.com.br/wp-content/uploads/2023/11/1000039_ireks_baguette_grande_saveur_c50-2-scaled.jpg,"Mistura para preparo de baguete francesa multigrãos Na França, foi premiada seis vezes por sua excepcional qualidade e sabor único Contém farinha integral de centeio, farinha de cevada e grãos selecionados Coloração natural à base de malte Crocante por fora e macio por dentro Com trigo, sementes de girassol, gergelim, linhaça, centeio, aveia e cevada Dosagem: 50 % | Embalagem: 10 kg (2 x 5 kg)",,,,,https://www.youtube.com/shorts/dFsQemAsG3M,https://www.youtube.com/shorts/dFsQemAsG3M
2487,1000080 | IREKS PANETTONE C10,https://receitas.ireks.com.br/wp-content/uploads/2023/11/1000080_ireks_panettone_chocolate_c10-1-scaled.jpg,Mistura para preparo de panetone - Coloração amarelo + claro - Aroma frutado suave. Macio e úmido - Contém gemas e massa madre na composição Dosagem: 10% | Validade: 6 meses | Embalagem: 10 kg,,,,,,
2488,1000191 | IREKS GOLDEN CAKE CHOCOLATE,https://receitas.ireks.com.br/wp-content/uploads/2023/11/1000191_ireks_golden_cake_chocolate-1-scaled.jpg,Mistura pronta para preparo de bolo de chocolate - Coloração natural à base de cacau - Sabor intenso - Macio e úmido por mais tempo - Permite sustentação de recheios durante o forneamento Dosagem: 100% | Embalagem: 10 kg (5 x 2 kg),,,https://www.ireks.com.br/fileadmin/sites/ireks-brasil/receituario-Cakesbolos.pdf,,,
2489,1000034 | IREKS PÃO PORTUGUÊS C50,https://receitas.ireks.com.br/wp-content/uploads/2023/11/1000034_ireks_pao_portugues_c50-1.jpg,Mistura para preparo de pão português - Tradicional pão português - Contém massa madre - Sabor e aroma inigualáveis Dosagem: 50 % | Validade: 6 meses | Embalagem: 10kg (2 x 5 kg),,,,,,
2496,1000653 | IREKS PANETTONE C10 + LIFE,https://receitas.ireks.com.br/wp-content/uploads/2023/11/1000653_IREKS-_Panettone-C10-Life-1-scaled.jpg,"Mistura para preparo de panetone - Coloração amarelo + claro - Aroma frutado suave. Macio e úmido - Contém gemas e massa madre na composição - Maior shelf life Dosagem: 10% | Validade: 6 meses | Embalagem: 6,8 kg (2 x 3,4 kg)",,,,,,
2498,1000192 | IREKS SEMI ITALIANO C50,https://receitas.ireks.com.br/wp-content/uploads/2023/11/1000192_ireks_semi_italiano_c50-2-scaled.jpg,Mistura para preparo de pão semi italiano - Contém massa madre - Textura curta - Crosta mais crocante - Sabor e aroma levemente amanteigados Dosagem: 50 % | Validade: 6 meses | Embalagem: 10kg (2 x 5 kg),,,,,,
2499,1000004 | IREKS GOLDEN CAKE NEUTRO,https://receitas.ireks.com.br/wp-content/uploads/2023/11/1000004_ireks_golden_cake_neutro-1-scaled.jpg,Mistura pronta para preparo de bolos especiais - Permite sustentação de recheios durante o forneamento - Excelente para produzir uma variedade de bolos com recheios direto ao forno Dosagem: 100% | Validade: 6 meses | Embalagem: 10 kg (5 x 2 kg),,,https://www.ireks.com.br/fileadmin/sites/ireks-brasil/receituario-Cakesbolos.pdf,,,
2507,1000013 | IREKS GOLDEN CAKE AIPIM,https://receitas.ireks.com.br/wp-content/uploads/2023/11/1000013_ireks_golden_cake_aipim-1-scaled.jpg,Mistura pronta para preparo de bolo de aipim (mandioca ou macaxeira) - Úmido e cremoso Dosagem: 100% | Embalagem: 10 kg (5 x 2 kg),,,https://www.ireks.com.br/fileadmin/sites/ireks-brasil/receituario-Cakesbolos.pdf,,,
2510,1000700 | IREKS GOLDEN CAKE FUBÁ,https://receitas.ireks.com.br/wp-content/uploads/2023/11/1000700_IREKS_Golden-Cake-Fuba-1-scaled.jpg,Mistura pronta para preparo de bolo de fubá - Sem erva-doce - Macio e úmido - O verdadeiro bolo da vovó - Permite sustentação de recheios durante o forneamento Dosagem: 100% | Validade: 6 meses | Embalagem: 10 kg (5 x 2 kg),,,https://www.ireks.com.br/fileadmin/sites/ireks-brasil/receituario-Cakesbolos.pdf,,,
2513,1000672 | IREKS GOLDEN CAKE CENOURA,https://receitas.ireks.com.br/wp-content/uploads/2023/11/1000672_ireks_golden_cake_cenoura_novo-1-scaled.jpg,Mistura pronta para preparo de bolo de cenoura - Com pedaços de cenoura - Extremamente macio e úmido - Permite sustentação de recheios durante o forneamento Dosagem: 100% | Validade: 6 meses | Embalagem: 10 kg (5 x 2 kg),,,https://www.ireks.com.br/fileadmin/sites/ireks-brasil/receituario-Cakesbolos.pdf,,,
2516,1000452 | IREKS GOLDEN CAKE TAPIOCA,https://receitas.ireks.com.br/wp-content/uploads/2023/11/1000452_ireks_golden_cake_tapioca-1-scaled.jpg,Mistura pronta para preparo de bolo de tapioca - Com tapioca granulada - Úmido e cremoso - Não contém farinha de trigo na composição Dosagem: 100% | Validade: 6 meses | Embalagem: 10 kg (5 x 2 kg),,,https://www.ireks.com.br/fileadmin/sites/ireks-brasil/receituario-Cakesbolos.pdf,,,
2522,1000640 | IREKS GRANO CAKE,https://receitas.ireks.com.br/wp-content/uploads/2023/11/1000640_ireks_grano_cake-1-scaled.jpg,Mistura pronta para preparo de bolo sem adição de farinha branca - Permite adição de recheios que ficam distribuídos uniformemente na massa Dosagem: 100% | Validade: 6 meses | Embalagem: 10 kg (5 x 2 kg) | Adesivos: 60,,,,,,
2525,1000005 | IREKS GOLDEN PÃO DE LÓ,https://receitas.ireks.com.br/wp-content/uploads/2023/11/1000005_ireks_golden_pao_de_lo-1-scaled.jpg,"Mistura pronta para preparo de pão de ló e rocambole - Suave aroma de baunilha | Ótima flexibilidade e absorção de calda - Aplicações: Pão de ló em tiras, fatias e tabuleiros, tortas finas, rocamboles, bem-casados Dosagem: 100% | Validade: 6 meses | Embalagem: 10 kg (5 x 2 kg)",,,,,,
2528,1000057 | IREKS GOLDEN SCHOKO PÃO DE LÓ,https://receitas.ireks.com.br/wp-content/uploads/2023/11/1000057_ireks_golden_pao_de_lo_schoko-1-scaled.jpg,"Mistura pronta para preparo de pão de ló e rocambole de chocolate - Coloração inigualável à base de cacau - Aplicações: Pão de ló em tiras, fatias e tabuleiros, tortas finas, rocamboles Dosagem: 100% | Validade: 6 meses | Embalagem: 10 kg (5 x 2 kg)",,,,,,
2533,1000520 | IREKS GOLDEN PÃO DE LÓ C50,https://receitas.ireks.com.br/wp-content/uploads/2023/11/1000520_ireks_golden_pao_de_lo_c50-1-scaled.jpg,"Mistura para preparo de pão de ló e rocambole - Suave aroma de baunilha | Ótima flexibilidade e absorção de calda - Aplicações: Pão de ló em tiras, fatias e tabuleiros, tortas finas, rocamboles, bem-casados Dosagem: 50% | Validade: 6 meses | Embalagem: 10 kg",,,,,,
2538,1000580 | IREKS GOLDEN SCHOKO PÃO DE LÓ C50,https://receitas.ireks.com.br/wp-content/uploads/2023/11/1000580_ireks_golden_schoko_pao_de_lo_c50-1-scaled.jpg,"Mistura para preparo de pão de ló e rocambole de chocolate - Coloração inigualável à base de cacau - Aplicações: Pão de ló em tiras, fatias e tabuleiros, tortas finas, rocamboles Dosagem: 50% | Validade: 6 meses | Embalagem: 10 kg",,,,,,
2541,1000008 | IREKS GOLDEN CREME,https://receitas.ireks.com.br/wp-content/uploads/2023/11/1000008_ireks_golden_creme-1-scaled.jpg,Mistura pronta para preparo de creme confeiteiro - Dispensa adição de leite e fervura - Basta adicionar água gelada - Combina com todos os tipos de polpas de frutas e chocolates Dosagem: 100% | Validade: 6 meses | Embalagem: 10 kg (5 x 2 kg),,,,,,
2546,1000620 | IREKS CREME CCT,https://receitas.ireks.com.br/wp-content/uploads/2023/11/1000620_ireks_creme_cct-1-scaled.jpg,"Mistura pronta para preparo de creme confeiteiro - Preparo a quente - Excelente sabor - Estável ao forneamento e congelamento Dosagem: 100% | Embalagem: 9,6 kg (12 x 0,8 kg)",,,,,,
2549,1000068 | IREKS BROWNIE,https://receitas.ireks.com.br/wp-content/uploads/2023/11/1000068_ireks_brownie_1-1-scaled.jpg,Mistura pronta para preparo do tradicional brownie - Cacau em pó - Farinha de malte de trigo torrado - Cor e sabor intensos de chocolate Dosagem: 100% | Embalagem: 10 kg (5 x 2 kg),,,https://www.ireks.com.br/fileadmin/sites/ireks-brasil/receituario-Cakesbolos.pdf,,,
2552,1000360 | IREKS GOLDEN ECLAIR,https://receitas.ireks.com.br/wp-content/uploads/2023/11/1000360_ireks_golden_eclair-1-scaled.jpg,"Mistura pronta para preparo de bombas, carolinas e profiteroles - Crocante por fora e macia por dentro - Massa levinha e aerada - Preparo à frio Dosagem: 100% | Validade: 6 meses | Embalagem: 9 kg (15 x 600 g)",,,,,,
2555,1000701 | IREKS MON MACARON,https://receitas.ireks.com.br/wp-content/uploads/2023/11/1000701_ireks_mon_macaron-1-scaled.jpg,Mistura pronta para preparo de macaron - Crocante por fora e macio por dentro - Basta adicionar água e bater Dosagem: 100% | Validade: 12 meses | Embalagem: 8 kg (8 x 1 kg),,,,,https://www.youtube.com/watch?v=0hJIJIgasRc&amp;list=PLhgz6R_DV9Lgm3s5RrKMFXDmGiCHMb9Qh&amp;index=16,
2558,1000590 | IREKS CREME QUICHE GOURMET,https://receitas.ireks.com.br/wp-content/uploads/2023/11/1000590_ireks_creme_quiche_gourmet_base_salgada-1-scaled.jpg,Mistura pronta para preparo de creme base para recheios de quiches - Basta adicionar água e bater - Pode ser utilizado em quiches salgadas e doces - Estável ao congelamento e descongelamento - Textura cremosa e sabor suave Dosagem: 100% | Validade: 6 meses | Embalagem: 10 kg (5 x 2 kg),,,,,,
2561,1000621 | IREKS BROA DE MILHO,https://receitas.ireks.com.br/wp-content/uploads/2023/11/1000621_broa_de_milho_c100-1-scaled.jpg,"Mistura pronta para preparo de broa de milho, aerosa e caxambu - Preparo à frio - Crocante por fora, macia e úmida por dentro - Sabor marcante que remete à infância Dosagem: 100% Embalagem: 10 kg (5 x 2 kg)",,,https://receitas.ireks.com.br/wp-content/uploads/2024/01/Receituario_BroaDeMilho_Druck.pdf,,,
2564,1000673 | IREKS LIEVITO MADRE PURO,https://receitas.ireks.com.br/wp-content/uploads/2023/11/1000673_ireks_lievito_madre_puro-1-scaled.jpg,"Massa madre seca de trigo aromática de origem italiana - Intensifica o sabor e aroma - Proporciona textura suave, mordida curta e aveludada que derrete no paladar - Promove melhor volume e umidade Dosagem: 2 a 5 % | Validade: 12 meses | Embalagem: 5 kg (10 x 500 g)",,,,,,
2567,1000693 | IREKS MASSA MADRE TRIGO S200,https://receitas.ireks.com.br/wp-content/uploads/2023/11/1000693_ireks_massa_madre_trigo_s200.jpg,Massa madre seca de trigo acidificada - Intensifica o sabor e aroma - Aprimora a textura do miolo e aparência da crosta - Proporciona acidez acentuada - Contribui na conservação de pães embalados Dosagem: 1 a 5 % | Validade: 12 meses | Embalagem: 5 kg (10 x 500 g),,,,,,
2570,1000320 | IREKS SEMI ITALIANO MM C50,https://receitas.ireks.com.br/wp-content/uploads/2023/11/1000320_ireks_pao_semi_italiano_mm_c50-1-scaled.jpg,Mistura para preparo de pão semi italiano Contém massa madre Textura curta Crosta mais crocante Sabor e aroma amanteigados Dosagem: 50 % | Embalagem: 10kg (2 x 5 kg),,,,,,
2573,1000212 | IREKS FOCACCIA C50,https://receitas.ireks.com.br/wp-content/uploads/2023/11/1000212_-ireks_focaccia-1-scaled.jpg,Mistura para preparo de focaccia (tradicional e recheada) - Textura curta e flexível - Aroma suave Dosagem: 50 % | Embalagem: 10kg (2 x 5 kg),,,,,,
2577,1000110 | IREKS BAGUETTE CLÁSSICA C50,https://receitas.ireks.com.br/wp-content/uploads/2023/11/2335_2_2_IREKS-BAGUETTE-CLASSICA-MM-C100-2.jpg,Mistura para preparo de pão baguete - Contém massa madre - Crosta crocante e miolo alveolado - Sabor e aroma irresistíveis Dosagem: 50 % | Validade: 6 meses | Saco: 10 kg,,,,,,
2580,1000094 | IREKS PÃO ITALIANO CLÁSSICO C50,https://receitas.ireks.com.br/wp-content/uploads/2023/11/1000094_ireks_pao_italiano_classico_c50-1-scaled.jpg,Mistura para preparo de pão italiano - Um pão italiano com qualidade superior - Contém massa madre - Crosta rústica e crocante Dosagem: 50 % | Validade: 6 meses | Embalagem: 10kg (2 x 5 kg),,,,,,
2583,1000111 | IREKS CIABATTA CLÁSSICA C50,https://receitas.ireks.com.br/wp-content/uploads/2023/11/1000111_ireks_ciabatta_classica_c50-2-scaled.jpg,Mistura para preparo de pão ciabatta Contém massa madre Casca fina e crocante Miolo aberto e alveolado Dosagem: 50 % | Validade: 6 meses | Saco: 10 kg,,,,,,
2584,1000401 | IREKS MASSA MADRE TRIGO S40,https://receitas.ireks.com.br/wp-content/uploads/2023/11/1000401_ireks_massa_madre_trigo_s40-scaled.jpg,Massa madre seca de trigo - Intensifica o sabor e aroma - Aprimora a textura do miolo e aparência da crosta - Permite redução ou eliminação do melhorador Dosagem: 2 a 10 % | Validade: 8 meses | Embalagem: 5 kg (10 x 500 g),,,,,,
2587,1000033 | IREKS GRANO PÃO FRANCÊS C50,https://receitas.ireks.com.br/wp-content/uploads/2023/11/1000033_ireks_grano_pao_frances_c50-1-scaled.jpg,Mistura para preparo de pão francês com farinha integral - Contém massa madre e farinha integral - Crosta crocante - Coloração natural à base de malte Dosagem: 50 % | Validade: 6 meses | Embalagem: 20kg (4 x 5 kg),,,,,,
2591,1000790 | IREKS PÃO FRANCÊS TAPIOCA C50,https://receitas.ireks.com.br/wp-content/uploads/2023/11/DSC08505-scaled.jpg,Mistura para preparo de pão francês tapioca Crocante por fora e macio por dentro Com tapioca granulada Dosagem: 50% | Embalagem: 10 kg (2 x 5 kg),,,,,,
2595,1000211 | IREKS GOLDEN CAKE SEM AÇÚCAR,https://receitas.ireks.com.br/wp-content/uploads/2023/11/1000211_ireks_cake_sem_acucar-1-scaled.jpg,Mistura pronta para preparo de bolo sem açúcar Doce sensação sem açúcar Dosagem: 100 % | Validade: 6 meses | Embalagem: 10kg (5 x 2 kg) | Adesivos: 60 Adesivos,,,https://www.ireks.com.br/fileadmin/sites/ireks-brasil/receituario-Cakesbolos.pdf,,,
2598,1000220 | IREKS CAKE VEGANO,https://receitas.ireks.com.br/wp-content/uploads/2023/11/1000220_ireks_cake_vegano-1-scaled.jpg,Mistura pronta para preparo de bolo vegano - Textura macia e úmida - Não contém ovos ou leite na composição da mistura Dosagem: 100 % | Validade: 6 meses | Embalagem: 10kg (5 x 2 kg) | Adesivos: 50 Adesivos,,,https://www.ireks.com.br/fileadmin/sites/ireks-brasil/receituario-Cakesbolos.pdf,,,
2604,3000028 | IREKS MUFFIN-MIX GLUTEN-FREE,https://receitas.ireks.com.br/wp-content/uploads/2023/11/3000028_ireks_muffin_mix_gluten_free-1.jpg,"Mistura pronta para preparo de muffins sem glúten Dosagem: 100 % | Validade: 15 meses | Saco: 12,5 kg",,,,,,
2607,1000200 | IREKS PÃO VEGANO,https://receitas.ireks.com.br/wp-content/uploads/2023/11/1000200_ireks_pao_vegano-1-scaled.jpg,"Mistura pronta para preparo de pão multigrãos vegano Contém sementes de abóbora, girassol, gergelim e linhaça Não contém ovos ou leite na composição da mistura Dosagem: 100 % | Validade: 6 meses | Embalagem: 10kg (2 x 5 kg) | Topping – Cobertura | Adesivos: 50 Adesivos",,,,,,
2610,3000027 | IREKS SINGLUPLUS,https://receitas.ireks.com.br/wp-content/uploads/2023/11/3000027_ireks_singluplus-1.jpg,"Mistura pronta para preparo de pão sem glúten Dosagem: 100 % | Validade: 15 meses | Saco: 12,5 kg",,,,,,
2613,3000030 | IREKS SINGLUPLUS SPECIAL,https://receitas.ireks.com.br/wp-content/uploads/2023/11/3000030_ireks_singluplus_special-1.jpg,"Mistura pronta para preparo de pão sem glúten com sementes Dosagem: 100 % | Validade: 12 meses | Saco: 12,5 kg",,,,,,
2618,1000480_1000431 | IREKS TOP SUGAR,https://receitas.ireks.com.br/wp-content/uploads/2023/11/1000480_ireks_top_sugar-scaled.jpg,Açúcar gelado para cobertura e decoração de pães e doces Dosagem: 100 % | Validade: 6 meses | Embalagem: 10kg (10 x 1 kg) | Saco: 20 kg,,,,,,
2622,1000430_1000404 | IREKS TOP GLAZE,https://receitas.ireks.com.br/wp-content/uploads/2023/11/1000430_ireks_top_glaze-2-scaled.jpg,"Mistura pronta para dar brilho e decorar produtos de panificação e confeitaria - Não contém ovos - Excelente cobertura e brilho superior - Produto não contamina o ambiente com mau odor Dosagem: 100 % | Embalagem: 9,12 kg (8 x 1,14 kg) | Saco: 12,5 kg",,,,,,
2623,1000182 | IREKS MALTE AROMA,https://receitas.ireks.com.br/wp-content/uploads/2023/11/1000182_ireks_malte_aroma.jpg,"Farinha de malte de cevada para panificação - Coloração natural, com superfície levemente dourada - Miolo ligeiramente caramelado - Intenso sabor de cereais maltados - Crosta rústica e crocante Dosagem: 1 a 3 % | Embalagem: 5 kg (10 x 500 g)",,,,,,
2626,3000100 | IREKS SEPA-WAX,https://receitas.ireks.com.br/wp-content/uploads/2023/11/3000100_ireks_sepa_wax-1.jpg,"Spray desmoldante para untar formas e assadeiras, indicado para panificação e confeitaria Desenforma com perfeição! Validade: 24 meses | Embalagem: 12 latas x 500 ml",,,,,,
2631,1000183 | IREKS MALTE CARAMEL,https://receitas.ireks.com.br/wp-content/uploads/2023/11/1000183_ireks_malte_caramel.jpg,"Extrato de malte de cevada em farelo de trigo para panificação - Coloração natural, com superfície dourada - Miolo de cor caramelada - Intenso sabor de cereais maltados com suave dulçor - Crosta rústica e crocante Dosagem: 0,5 a 3 % | Embalagem: 5 kg (10 x 500 g)",,,,,,
2633,1000610_1000734 | IREKS IDEAL FLEX,https://receitas.ireks.com.br/wp-content/uploads/2023/11/1000610_ireks_ideal_flex-2-scaled.jpg,Melhorador para massas de pães crocantes e macios - Alta tecnologia! - Promove força e ótimo salto de forno - - Excelente performance e estabilidade na fermentação - Pães crocantes: maior crocância e melhor pestana - Pães macios: melhor desenvolvimento e maior volume Dosagem: 1 % | Validade: 6 meses | Embalagem: 10kg (20 x 500 g) | Saco: 10 kg,,,,,,
2639,1000282_1000283 | IREKS IDEAL UNI,https://receitas.ireks.com.br/wp-content/uploads/2023/11/1000282_ireks_frances_ideal_uni-2-scaled.jpg,"Melhorador para massas de pães crocantes e macios Alta tecnologia! Promove força e ótimo salto de forno Excelente performance para longa fermentação Possui dosagem concentrada Pães crocantes: maior crocância e melhor pestana Pães macios: melhor desenvolvimento e maior volume Dosagem: 0,1 a 0,6 % | Validade: 6 meses | Embalagem: 10kg (5 x 2 Kg) | Saco: 10 kg",,,,,,
2640,1000184 | IREKS MALTE DARK,https://receitas.ireks.com.br/wp-content/uploads/2023/11/1000184_ireks_malte_dark.jpg,"Farinha de malte de trigo torrado e extrato de malte de cevada em farelo de trigo para panificação - Coloração natural, com superfície de cor marrom dourado - Miolo escuro - Intenso sabor de cereais maltados - Crosta rústica e crocante Dosagem: 1 a 3 % | Validade: 12 meses | Embalagem: 5 kg (10 x 500 g)",,,,,,
2644,1000630 | IREKS SOFT LIFE,https://receitas.ireks.com.br/wp-content/uploads/2023/11/1000630_ireks_pao_de_forma_soft_life-2-scaled.jpg,"Melhorador para pães macios - Garante melhor qualidade - Proporcionando miolo mais macio, regular e uniforme - Frescor prolongado Dosagem: 1 a 2 % | Validade: 6 meses | Embalagem: 10kg (2o x 500 g)",,,,,,
3356,3000240 | IREKS LIEVITO MADRE DUO,https://receitas.ireks.com.br/wp-content/uploads/2024/10/duo.png,"Concentrado com massa madre seca de trigo e fermento seco para efeito de fermentação ativa - De origem italiana - Dispensa adição de fermento e melhorador na receita - Ideal para o processo de curta e longa fermentação - Intensifica o sabor e aroma - Promove melhor volume e umidade - Proporciona textura suave, mordida curta e aveludada que dissolve na boca Dosagem: 3 a 5 % | Embalagem: 10 kg (10 x 1 kg)",,,https://www.ireks.com.br/fileadmin/sites/ireks-brasil/user_upload/Receituario_Lievito_Madre_Duo.pdf,,,
3922,1000821 | IREKS COBERTURA PASCAL,https://receitas.ireks.com.br/wp-content/uploads/2025/02/DSC00450-scaled.jpg,"Mistura pronta para cobertura de colomba, panetone, galup, bolos... - Inspirada na tradição, criada para surpreender - Um toque especial para suas receitas - Cobertura pronta - basta adicionar água - Aceita adição de cacau - Versátil e fácil de aplicar - Crocante e saborosa Dosagem: 100 % | Embalagem: 10 kg (5 x 2 kg)",,,,,https://www.youtube.com/shorts/M3mirVwa7n8,https://www.youtube.com/watch?v=dmw3is-b-rs
4168,1000870 | IREKS PÃO DA FAZENDA C50,https://receitas.ireks.com.br/wp-content/uploads/2025/07/ireks_pao-da-fazenda-c50-scaled.jpg,Mistura pronta para o preparo de pão da fazenda O verdadeiro sabor da fazenda Contém massa madre (Fermentação Natural Miolo macio e aveludado Textura única que se desmancha na boca Aroma e sabor que encantam ao paladar Grande variedade de formatos e recheios Dosagem: 50 % | Embalagem: 10kg (2 x 5 kg) | Adesivos: 80,,,,,,
4173,1000864 | IREKS PÃO DE HAMBÚRGUER MANDIOQUINHA D10,https://receitas.ireks.com.br/wp-content/uploads/2025/07/ireks_pao-de-mandioquinha-d10-scaled.jpg,Mistura para preparo de pão de hambúrguer mandioquinha Contém farinha de mandioquinha Aroma suave e coloração dourada Miolo consistente Sabor único de mandioquinha Dosagem: 10 % | Embalagem: 10kg (1 x 10 kg),,,,,,
4177,1000863 | IREKS PÃO DE HAMBÚRGUER BRIOCHE D10,https://receitas.ireks.com.br/wp-content/uploads/2025/07/DSC08544-scaled.jpg,Mistura para preparo de pão de hambúrguer brioche Delicioso sabor amanteigado Textura macia e aerada Experiência gastronomia refinada e memorável Dosagem: 10 % | Embalagem: 10kg (1 x 10 kg),,,,,,
4182,1000862 | PÃO DE HAMBÚRGUER AUSTRALIANO D10,https://receitas.ireks.com.br/wp-content/uploads/2025/07/DSC08698-scaled.jpg,"Mistura para preparo de pão de hambúrguer australiano Contém malte, cacau e um irresistível aroma de mel Fermentação rápida Qualidade artesanal Dosagem: 10 % | Embalagem: 10kg (1 x 10 kg)",,,,,,
4187,1000861 | IREKS PÃO DE HAMBÚRGUER ARTISANO D10,https://receitas.ireks.com.br/wp-content/uploads/2025/07/DSC08751-scaled.jpg,Mistura para preparo de pão de hambúrguer artisano Realça sabores doces e salgados Miolo fechado e casca dourada Aroma autêntico de pão caseiro Leve acidez Dosagem: 10 % | Embalagem: 10kg (1 x 10 kg),,,,,,
4199,1000865 | IREKS SCHOKO MALTE,,"Mistura a base de malte para substituição de cacau em pó - Fácil de usar - Ideal para uso em pães, bolos, muffins e outras criações culinárias - Substitui o cacau utilizando a mesma proporção de IREKS SCHOKO MALTE - Proporciona maciez e umidade melhorando a textura e o volume Dosagem: 1 a 10% | Embalagem: 10 kg (2 x 5 kg)",,,,,,
4206,1000880 | IREKS PÃO NA CHAPA C50,https://receitas.ireks.com.br/wp-content/uploads/2025/07/pao-na-chapa.jpg,"Mistura para o preparo de pão na chapa - Estrutura com miolo uniforme - Textura fofa, macia e elástica - Crosta fina e suave - Sabor doce e levemente ácido - Aroma agradável de pão tostado Dosagem: 50% | Embalagem: 10 kg (2 x 5 kg)",,,,,,
4211,1000881 | IREKS PÃO CASEIRO C50,https://receitas.ireks.com.br/wp-content/uploads/2025/07/pao-caseiro-scaled.jpg,"Mistura para o preparo de pão caseiro - Sabor equilibrado, único e personalizado - Textura fofa e macia - Aroma caseiro - Apresentação artesanal - Permite adição de recheios e coberturas Dosagem: 50% | Embalagem: 10 kg (2 x 5 kg)",,,,,,
4220,1000871 | IREKS PÃO ALEMÃO MULTIGRÃOS,https://receitas.ireks.com.br/wp-content/uploads/2025/07/DSC08207-scaled.jpg,"Mistura pronta para preparo do autêntico pão alemão multigrãos - Contém sementes de abóbora, girassol, gergelim e linhaça - Não contém ovos ou leite na composição da mistura - Fonte de Fibras - Preparo simples e versátil Dosagem: 100% | Embalagem: 10 kg (2 x 5 kg) | Cobertura: Topping | Adesivos: 50 adesivos",,,,,,